Status Code;URL;Title;Heading;Description
200;https://victoriousseo.com/seo-company-philadelphia/;SEO Company Philadelphia | Philly's Agency of Choice for Search;" Expert Philadelphia SEO Company";Need an SEO company in Philadelphia? Let us show you how our campaigns drive dependable results & predictable ROI. ✓ Talk to an SEO expert today!
200;https://victoriousseo.com/markets/niche-sites/;Niche Driven Search Engine Optimization - Victorious;" Niche Driven Search Engine Optimization";Victorious is a search engine optimization company specializing in niche-driven SEO. We help customers rank where their audience searches. ✓ Contact us!
200;https://victoriousseo.com/seo-agency-denver/;Denver SEO Firm | The Mile High City's Choice for Organic Search;" Expert Denver SEO Services";Looking for a Denver SEO firm? Let us show you how our campaigns drive dependable results & predictable ROI. ✓ Talk to an SEO expert today!
200;https://victoriousseo.com/verticals/travel/;Travel SEO Services | SEO for Travel Agency - Victorious;" Travel SEO Services";Victorious is a travel SEO company that offers search engine optimization services to help your website rank higher. ✓ Contact us today to learn more!
200;https://victoriousseo.com/seo-agency-seattle/;SEO Company Seattle | The Emerald City's Agency of Choice;" Expert Seattle & Puget Sound SEO Company";Need an SEO company in Seattle? Let us show you how our campaigns drive dependable results & predictable ROI. ✓ Talk to an SEO expert today!
200;https://victoriousseo.com/seo-agency-chicago/;Chicago SEO Company | The Windy City's Agency of Choice;" Expert Chicago SEO Company";Need a Chicago SEO company? Let us show you how our campaigns drive dependable results & predictable ROI. ✓ Talk to an SEO expert today!
200;https://victoriousseo.com/verticals/woocommerce-seo/;WooCommerce SEO Services | WooCommerce SEO Company;" WooCommerce SEO Services";Victorious is a leading ecommerce consultancy, providing expert WooCommerce SEO services that will help your business grow. ✓ Contact us today!
200;https://victoriousseo.com/awards/;SEO Awards and Recognition - Victorious;" Award-winning SEO";Our SEO campaigns bring home awards every year. Could it be yours? ✓ Contact us!
200;https://victoriousseo.com/seo-agency-los-angeles/;Los Angeles SEO Agency | Silicon Beach's Agency of Choice;" Los Angeles SEO Experts";Need a Los Angeles SEO agency? Let us show you how our campaigns drive dependable results & predictable ROI. ✓ Talk to an SEO expert today!
200;https://victoriousseo.com/services/seo-audit/;SEO Audit Services - Expert Website Optimization Agency;" SEO Audit Services";Looking for an SEO audit? We can perform a full-service SEO website audit to identify weak points & action items within your site. ✓ Get a free quote!
200;https://victoriousseo.com/services/on-page-seo/;On-Page SEO Services | Expert Optimization Packages;" On-Page SEO Services";On-page SEO is crucial to a successful SEO campaign. At Victorious, we'll help you maximize on-page signals to increase website traffic. ✓ Click today!
200;https://victoriousseo.com/verticals/magento-seo/;Magento SEO Agencies | Magento SEO Consultants - Victorious;" Magento SEO Consultants";Victorious is a leading authority and one of the best Magento SEO agencies you can find in the industry. We have years of experience building long-term search success.
200;https://victoriousseo.com/seo-agency-new-york-city/;SEO Company New York | An Agency With Big Apple Know-How;" Expert New York City SEO Solutions";Need an SEO company in New York? Let us show you how our campaigns drive dependable results & predictable ROI. ✓ Talk to an SEO expert now!
200;https://victoriousseo.com/services/seo-content/;SEO Content Writing Services | High-Quality Articles;" SEO Content Writing Services";Looking for high-quality SEO content services? ✓ Rocket-launch your SEO with a search-optimized content marketing strategy.
200;https://victoriousseo.com/markets/seo-for-new-website/;New Website SEO | Search Engine Optimization Services;" New Website SEO Services";If you're looking for a comprehensive and effective SEO strategy for your new website, look no further than Victorious. ✓ Contact us today to learn more!
200;https://victoriousseo.com/markets/white-label-seo/;White Label SEO | Outsourcing for Resellers - Victorious;" White Label SEO";Do your customers need SEO? Outsource the work with Victorious' white label SEO. ✓ See how our full suite of services can serve your business today!
200;https://victoriousseo.com/services/off-page-seo/;Off-Page SEO Services | Off-Site Optimization | Victorious;" Off-Page SEO Services";You need off-page SEO services that can ensure your website comes across as trustworthy and authoritative. Victorious can help with that. ✓ Learn more!
200;https://victoriousseo.com/services/keyword-research/;Keyword Research Services | Expert SEO Search Analysis;" Best SEO Keyword Research Services";Need keyword research services? Click to learn how our team can boost your current SEO campaign. ✓ Optimize your visibility with Victorious.
200;https://victoriousseo.com/verticals/fashion/;Fashion SEO Services | Digital Marketing for Fashion Brands;" Fashion SEO Services for Brands";Looking for SEO services for your fashion brand? Victorious specializes in building online awareness for fashion websites. ✓ Click to learn more!
200;https://victoriousseo.com/verticals/bigcommerce-seo/;BigCommerce SEO Services | BigCommerce SEO Experts;" BigCommerce SEO Services";Looking to improve your online store's visibility and traffic? Victorious offers comprehensive BigCommerce SEO services. Contact us today to learn more!
200;https://victoriousseo.com/;Victorious: SEO Agency — Award-Winning Marketing;SEO SO GOOD, IT STANDS ALONE;Looking for the top SEO agency? 3x SEO agency of the year, we can help improve your search engine optimization with our custom services. ✓ Get started!
200;https://victoriousseo.com/verticals/law-firm-seo/;SEO for Lawyers | Law Firm Marketing - Victorious;" Lawyer SEO";Boost your practice's online presence with SEO. ✓ Victorious is an award-winning agency with strategies designed to help lawyers grow their firms.
200;https://victoriousseo.com/verticals/seo-for-news-publishers/;SEO for Publishers & Journalists - Victorious;" SEO for Publishers";Are you a publisher or journalist in need of SEO? Our approach helps websites and blogs rank higher, increase traffic, and grow revenue. ✓ Contact us!
200;https://victoriousseo.com/privacy-policy/;Privacy Policy for Our SEO Agency| Victorious;;Your privacy is critically important to us. ✓ Read the Victorious Privacy Policy to see how we value our site visitors' privacy and what data we collect.
200;https://victoriousseo.com/services/;SEO Services | Award-Winning Search Engine Optimization;" SEO SERVICES";SEO services from Victorious are customized to your needs. ✓ As a results-driven agency, we’ll bring your business to the next level. Click to see how!
200;https://victoriousseo.com/verticals/ecommerce-seo/;Ecommerce SEO Services | Search Marketing | Victorious;" AWARD-WINNING ECOMMERCE SEO Agency";Looking for ecommerce SEO services? Our agency can provide a comprehensive marketing strategy that suits your needs. ✓ Click for a consultation!
200;https://victoriousseo.com/verticals/shopify-seo/;Shopify SEO Services | Victorious;" Shopify SEO Services";Looking to improve your Shopify SEO? Victorious offers services to help you rank higher, attract more visitors, and make more money. ✓ Contact us!
200;https://victoriousseo.com/verticals/luxury/;Luxury Brands - Premium SEO Services - Victorious;" Luxury Brands Digital Marketing";Need Luxury Brand digital marketing through SEO? Our expert search advertising services are perfect for premium brands. ✓ Get a free quote from Victorious!
200;https://victoriousseo.com/seo-agency-portland/;SEO Company Portland | Rose City's Agency of Choice for Search;" Local Portland SEO Experts";Need an SEO company in Portland? Let us show you how our campaigns drive dependable results & predictable ROI. ✓ Talk to an SEO expert today!
200;https://victoriousseo.com/reviews/;Real SEO Customer Reviews ★★★★★ | Victorious;" Reviews from Existing & Previous Customers";Victorious gives a s#!t about great SEO. We are a values-driven SEO agency dedicated to empowering our customers. ✓ Read reviews from real customers!
200;https://victoriousseo.com/verticals/wordpress-seo/;Wordpress SEO Services - Expert Agency Consultants;" WordPress SEO Services";Looking for WordPress SEO services? Victorious is an industry-leading search engine optimization agency that loves WordPress. ✓ Start your SEO strategy!
200;https://victoriousseo.com/verticals/saas/;SaaS SEO Agency - Expert Website Consultation Services;" SaaS SEO Agency";Need SEO for SaaS? Victorious has proven experience delivering revenue-driving SEO strategies for software companies. ✓ Schedule a free consultation now!
200;https://victoriousseo.com/case-studies/;2023 SEO Case Studies - Best Success Stories From Victorious;" Best SEO Case Studies";Looking for SEO case studies? Review some of Victorious's best search engine optimization case studies & success stories up until 2021. ✓ Check them out!
200;https://victoriousseo.com/verticals/cannabis-seo/;Cannabis SEO & Digital Marketing Agency | Victorious;" Cannabis SEO to Grow Your Business";You need a cannabis SEO agency that gets your business. We've got a proven record of helping dispensaries grow their search visibility. ✓ Learn more!
200;https://victoriousseo.com/seo-agency-des-moines/;#1 SEO Des Moines & Search Engine Optimization Company;" Expert Des Moines SEO Company";Looking for help with SEO in Des Moines? ✓ Experience search success with the help of the best Des Moines SEO firm and start winning Google today.
200;https://victoriousseo.com/seo-agency-washington-dc/;SEO Company Washington DC | A U.S. Capital Agency of Choice;" Expert Washington, DC SEO Company";Need an SEO company in Washington, D.C.? Let us show you how our campaigns can drive dependable results & predictable ROI. ✓ Chat with us today!
200;https://victoriousseo.com/careers/;SEO Careers & SEO Related Jobs - Victorious;" Victorious Careers";If you're passionate about SEO and want to contribute to a winning team, we want to hear from you. Victorious SEO careers are here!
200;https://victoriousseo.com/seo-agency-boston/;SEO Agency Boston | Massachusetts' Agency of Choice for Search;" BOSTON SEO SERVICES FROM THE LEADING SEO AGENCY";Need an SEO agency in Boston, MA? Let us show you how our campaigns drive dependable results & predictable ROI. ✓ Talk to an SEO expert now!
200;https://victoriousseo.com/seo-agency-phoenix/;Phoenix SEO Company | Arizona's Agency of Choice for Search;" Phoenix SEO Experts";Need a Phoenix SEO company? Let us show you how our campaigns drive dependable results & predictable ROI. ✓ Talk to an SEO expert today!
200;https://victoriousseo.com/markets/enterprise-seo/;Enterprise SEO Company & Consulting Agency | Victorious;" BEST ENTERPRISE SEO COMPANY";Need an enterprise SEO company? Victorious has a perfected audit methodology that we've used for Fortune 100 clients & more. ✓ Get a free consult today!
200;https://victoriousseo.com/markets/local-services/;Local SEO Agency | Marketing for Growing Businesses;" A Leading Local SEO Agency";As a leading local SEO agency, Victorious offers expert marketing solutions for growing businesses. ✓ Contact us today for a complimentary consultation.
200;https://victoriousseo.com/markets/international-seo/;International SEO Services | Global SEO & Consulting;" International SEO Services";At Victorious, we offer international SEO services to enhance your online presence. ✓ Learn about our global SEO offerings and consulting services today.
200;https://victoriousseo.com/verticals/seo-for-ai/;SEO for AI Agency - Innovative Search Services for AI Companies;" SEO for AI Companies";Need SEO for your AI company? Victorious has proven experience delivering revenue-driving SEO strategies for tomorrow's market leaders. ✓ Schedule a free consultation now!
200;https://victoriousseo.com/markets/small-business-seo/;Small Business SEO Services | Affordable Solutions;" Small Business SEO That Works";As a small business, you need small business SEO services that work. Meet Victorious SEO! ✓ Click to see how our solutions can be customized for you.
200;https://victoriousseo.com/markets/national-seo/;National SEO Services | Organic Marketing - Victorious;" National SEO Services";At Victorious, we provide leading national SEO services to help businesses of all sizes enhance their marketing strategies. ✓ Click for a free consult!
200;https://victoriousseo.com/company/;Company - SEO Strategy That Delivers ROI | Victorious;" Victorious";Victorious is a values-driven SEO agency dedicated to empowering our customers to achieve their growth goals using search.
200;https://victoriousseo.com/markets/seo-reseller/;SEO Reseller Services | White Label Program | Victorious;" SEO Reseller & White Label Services";Looking for SEO reseller services? Victorious SEO offers white-glove, white-label programming sure to impress. ✓ Click to learn more about our services!
200;https://victoriousseo.com/seo-agency-san-diego/;San Diego SEO Company | Southern California's Agency of Choice;" SAN DIEGO SEO EXPERTS";Need a San Diego SEO company? Let us show you how our campaigns drive dependable results & predictable ROI. ✓ Talk to an SEO expert today!
200;https://victoriousseo.com/seo-agency-austin/;Austin SEO Company | The Agency Texas Companies Turn To;" AUSTIN SEO EXPERTS";Need an Austin SEO company? Let us show you how our campaigns drive dependable results & predictable ROI. ✓ Talk to an SEO expert today!
200;https://victoriousseo.com/verticals/real-estate/;Real Estate SEO Experts | Search Engine Optimization Services;" Real Estate SEO Experts";Victorious is the leading SEO company specializing in real estate marketing. We help agents and brokers achieve page-one rankings. ✓ Click for a consult!
200;https://victoriousseo.com/seo-company-san-francisco/;#1 San Francisco SEO Company | Bay Area Search Optimization;" Expert San Francisco SEO & Elite Bay Area Search Engine Services";Experience SEO success with the help of the best San Francisco SEO company. ✓ Let us help you boost your online presence and start winning Google today.
200;https://victoriousseo.com/services/link-building/;Link Building Services for SEO | White Hat Backlinks;" Honest Link Building Services";Strengthen your SEO with link-building services from Victorious. We offer a white hat method to enhance your SEO strategy. ✓ Click to get started.
